,seq_id,input_seq,aligned_seq,AbNatiV VLambda Score,AbNatiV CDR1-VLambda Score,AbNatiV CDR2-VLambda Score,AbNatiV CDR3-VLambda Score,AbNatiV FR-VLambda Score
0,10881_seq1,QSVLTQPPSASGTPGQRVTISCSGSSSNIGSNDVSWYQQLPGTAPKLLIYKNYNRPSGVPDRFSGSKSGTSASLAISGLQSEDEADYYCSAWDQRQFDVVFGGGTKLTVL,QSVLTQP-PSASGTPGQRVTISCSGSS-SNIGS-----NDVSWYQQLPGTAPKLLIYK--------NYNRPSGVPDRFSGSKSG--TSASLAISGLQSEDEADYYCSAWDQR---------------------QFDVVFGGGTKLTVL-,0.9579964440646167,0.8701056125978923,0.9960322250893919,0.6748058933503855,0.9998608967826919
1,11111_seq1,DIALTQPASVSGSPGQSITISCTGTSSDIGGYNSVSWYQQHPGKAPKLMIYGVNNRPSGVSNRFSGSKSGNTASLTISGLQAEDEADYYCSSYDIESATPVFGGGTKLTVL,DIALTQP-ASVSGSPGQSITISCTGTS-SDIGG----YNSVSWYQQHPGKAPKLMIYG--------VNNRPSGVSNRFSGSKSG--NTASLTISGLQAEDEADYYCSSYDIE---------------------SATPVFGGGTKLTVL-,0.9350284120790658,0.9999096681473856,0.9989049998597195,0.5497378461413439,0.9689173152703768
2,9788_seq1,DIALTQPASVSGSPGQSITISCTGTSSDIGGYNSVSWYQQHPGKAPKLMIYGVNNRPSGVSNRFSGSKSGNTASLTISGLQAEDEADYYCSSYDIESATPVFGGGTKLTVL,DIALTQP-ASVSGSPGQSITISCTGTS-SDIGG----YNSVSWYQQHPGKAPKLMIYG--------VNNRPSGVSNRFSGSKSG--NTASLTISGLQAEDEADYYCSSYDIE---------------------SATPVFGGGTKLTVL-,0.9350284120790658,0.9999096681473856,0.9989049998597195,0.5497378461413439,0.9689173152703768
3,10382_seq1,QSVLTQPPSASGTPGQRVTISCSGSSSNIGNNYVSWYQQLPGTAPKLLIYENYNRPAGVPDRFSGSKSGTSASLAISGLRSEDEADYYCSSWDDSLNYWVFGGGTKLTVL,QSVLTQP-PSASGTPGQRVTISCSGSS-SNIGN-----NYVSWYQQLPGTAPKLLIYE--------NYNRPAGVPDRFSGSKSG--TSASLAISGLRSEDEADYYCSSWDDS---------------------LNYWVFGGGTKLTVL-,0.9725052927092832,0.9919154068261281,0.5838087954540516,0.929268135179841,0.998534139871368
4,10383_seq1,QSVLTQPPSASGTPGQRVTISCSGSSSNIGNNYVSWYQQLPGTAPKLLIYENYNRPAGVPDRFSGSKSGTSASLAISGLRSEDEADYYCSSWDDSLNYWVFGGGTKLTVL,QSVLTQP-PSASGTPGQRVTISCSGSS-SNIGN-----NYVSWYQQLPGTAPKLLIYE--------NYNRPAGVPDRFSGSKSG--TSASLAISGLRSEDEADYYCSSWDDS---------------------LNYWVFGGGTKLTVL-,0.9725052927092832,0.9919154068261281,0.5838087954540516,0.929268135179841,0.998534139871368
5,10062_seq1,QSALTQPASVSGSPGQSITISCTGTSSDVGGYNYVSWYQQHPGKAPKLMIYDVSNRPSGVSNRFSGSKSGNTASLTISGLQAEDEADYYCSSYTSSSTRVFGTGTKVTVL,QSALTQP-ASVSGSPGQSITISCTGTS-SDVGG----YNYVSWYQQHPGKAPKLMIYD--------VSNRPSGVSNRFSGSKSG--NTASLTISGLQAEDEADYYCSSYTSS----------------------STRVFGTGTKVTVL-,0.9999257540263728,0.999979833006893,0.9999858684765682,0.999945715968178,0.9999131058415464
6,11064_seq2,SYVLTQSPSVSVAPGQTARITCGGNNIGSKSVHWYQQKPGQAPVLVVYDDSDRPSGIPERFSASNSGNTATLTISRVEAGDEADYYCQVWDSSSDHVVFGGGTKLTVL,SYVLTQS-PSVSVAPGQTARITCGGN---NIGS-----KSVHWYQQKPGQAPVLVVYD--------DSDRPSGIPERFSASNSG--NTATLTISRVEAGDEADYYCQVWDSS---------------------SDHVVFGGGTKLTVL-,0.99878306016305,0.9999418729278353,0.9995911714405596,0.9994573124596096,0.9985471455618885
7,11027_seq1,QSVLTQPTSVSGSLGQRVTISCSGSTNNIGILGASWYQLFPGKAPKLLVYGNGNRPSGVPDRFSGADSGDSVTLTITGLQAEDEADYYCQSFDTTLGAHVFGGGTHLTVL,QSVLTQP-TSVSGSLGQRVTISCSGST-NNIGI-----LGASWYQLFPGKAPKLLVYG--------NGNRPSGVPDRFSGADSG--DSVTLTITGLQAEDEADYYCQSFDTT---------------------LGAHVFGGGTHLTVL-,0.8319206297299113,0.6514954336656198,0.9951900015908779,0.8308293020045611,0.843874419426054
8,11125_seq2,SYELTQPPSVSVSPGQTARITCSGDNLPKYYAHWYQQKPGQAPVVVIFYDVNRPSGIPERFSGSNSGNTATLTISGTQAMDEADYYCQAWWSSTPVFGGGTKLTVL,SYELTQP-PSVSVSPGQTARITCSGD---NLPK-----YYAHWYQQKPGQAPVVVIFY--------DVNRPSGIPERFSGSNSG--NTATLTISGTQAMDEADYYCQAWWS-----------------------STPVFGGGTKLTVL-,0.9172284550609506,0.37354410217353273,0.8089755768593374,0.831854179162822,0.9840495998394032
9,8381_seq1,SSELTQDPAVSVALGQTVRVTCQGDSLRSYYASWYQQKPGQAPVLVIYGKNNRPSGIPDRFSGSSSGNTASLTITGAQAEDEADYYCSSRDSSGNHWVFGGGTELTVL,SSELTQD-PAVSVALGQTVRVTCQGD---SLRS-----YYASWYQQKPGQAPVLVIYG--------KNNRPSGIPDRFSGSSSG--NTASLTITGAQAEDEADYYCSSRDSS---------------------GNHWVFGGGTELTVL-,0.9754428068160343,0.9996255121985561,0.999956631722444,0.9998563510686955,0.9688599719277766
10,10709_seq2,QSVLTQPPSASGTPGQRVTISCTGSSSNIGAGYDVHWYQQLPGTAPKLLIYDNNNRPSGVPDRFSGSKSGTSASLAISGLRSEDEADYYCQSYDSSLSAWLFGGGTKLTVL,QSVLTQP-PSASGTPGQRVTISCTGSS-SNIGA----GYDVHWYQQLPGTAPKLLIYD--------NNNRPSGVPDRFSGSKSG--TSASLAISGLRSEDEADYYCQSYDSS---------------------LSAWLFGGGTKLTVL-,0.9995375214687789,0.9975001435268087,0.9990103047005692,0.9995985377237556,0.9998250394459602
11,9711_seq2,QSALTQPASVSGSPGQSITISCTGTSSDVGSYNYVNWYQQHPGKAPKLMIYGVSKRPSGVSNRFSGSKSGNTASLTISGLQAEDEADYYCGTFAGGSYYGVFGGGTKLTVL,QSALTQP-ASVSGSPGQSITISCTGTS-SDVGS----YNYVNWYQQHPGKAPKLMIYG--------VSKRPSGVSNRFSGSKSG--NTASLTISGLQAEDEADYYCGTFAGG---------------------SYYGVFGGGTKLTVL-,0.9773619898356394,0.8812480391833368,0.9997680851394296,0.9188780942086883,0.9954335067975575
12,10665_seq2,QSALTQPASVSGSPGQSITISCTGTSSDVGGYNYVSWYQQHPGKAPKLMIYDVSNRPSGVSNRFSGSKSGNTASLTISGLQAEDEADYYCSSYTSSSTRVFGTGTKVTVL,QSALTQP-ASVSGSPGQSITISCTGTS-SDVGG----YNYVSWYQQHPGKAPKLMIYD--------VSNRPSGVSNRFSGSKSG--NTASLTISGLQAEDEADYYCSSYTSS----------------------STRVFGTGTKVTVL-,0.9999257540263728,0.999979833006893,0.9999858684765682,0.999945715968178,0.9999131058415464
13,10425_seq2,QSVLTQPPSVSGAPGQRVTISCTGSSSNTGAGYDVHWYQQVPGTAPKLLIYGSGNRPSGVPDRFSGSKSGTSASLAITGLQAEDEADYYCQSYDSSLSGWVFGGGTRLTVL,QSVLTQP-PSVSGAPGQRVTISCTGSS-SNTGA----GYDVHWYQQVPGTAPKLLIYG--------SGNRPSGVPDRFSGSKSG--TSASLAITGLQAEDEADYYCQSYDSS---------------------LSGWVFGGGTRLTVL-,0.9994091543296847,0.997694119403144,0.9976341193270237,0.9997809754442649,0.999691794102131
14,9153_seq1,QSVLTQPPSVSGAPGQRVTISCSGSRSNIGSNTVKWYQQLPGTAPKLLIYYNDQRPSGVPDRFSGSKSGTSASLAITGLQAEDEADYYCQSYDRYTHPALLFGTGTKVTVL,QSVLTQP-PSVSGAPGQRVTISCSGSR-SNIGS-----NTVKWYQQLPGTAPKLLIYY--------NDQRPSGVPDRFSGSKSG--TSASLAITGLQAEDEADYYCQSYDRYT--------------------HPALLFGTGTKVTVL-,0.9441952766018008,0.8681967685762669,0.8500931855000664,0.6379061424392917,0.9989068486346068
15,9982_seq1,QAVVTQEPSLTVSPGGTVTLTCRSSTGAVTTSNYANWFQQKPGQAPRTLIGGTNNRAPGVPARFSGSLLGGKAALTLSGAQPEDEAEYYCALWYSNHWVFGGGTKLTVL,QAVVTQE-PSLTVSPGGTVTLTCRSST-GAVTT----SNYANWFQQKPGQAPRTLIGG--------TNNRAPGVPARFSGSLLG--GKAALTLSGAQPEDEAEYYCALWYS-----------------------NHWVFGGGTKLTVL-,0.91047772089124,0.7853647359501779,0.7339230338624829,0.9568500835824529,0.9328564551752667
16,10636_seq1,QAVVTQEPSLTVSPGGTVTLTCGSSTGAVTTSNYANWVQEKPGQAFRGLIGGTNKRAPGTPARFSGSLLGGKAALTLSGAQPEDEAEYYCALWYSNLWVFGGGTKLTVL,QAVVTQE-PSLTVSPGGTVTLTCGSST-GAVTT----SNYANWVQEKPGQAFRGLIGG--------TNKRAPGTPARFSGSLLG--GKAALTLSGAQPEDEAEYYCALWYS-----------------------NLWVFGGGTKLTVL-,0.8946536429520304,0.8267674170660703,0.7227942809767036,0.9958141733095096,0.9041507594607209
17,11043_seq2,SYELTQPPSVSVSPGQTARITCSGEALPMQFAHWYQQRPGKAPVIVVYKDSERPSGVPERFSGSSSGTTATLTITGVQAEDEADYYCQSPDSTNTYEVFGGGTKLTVL,SYELTQP-PSVSVSPGQTARITCSGE---ALPM-----QFAHWYQQRPGKAPVIVVYK--------DSERPSGVPERFSGSSSG--TTATLTITGVQAEDEADYYCQSPDST---------------------NTYEVFGGGTKLTVL-,0.941609823855461,0.7956777902409802,0.9133082800022528,0.8802542777349829,0.9643372533987149
18,9099_seq1,SSELTQDPAVSVALGQTVRITCQGDSLRSYYATWYQQKPGQAPILVIYGENKRPSGIPDRFSGSSSGNTASLTITGAQAEDEADYYCKSRDGSGQHLVFGGGTKLTVL,SSELTQD-PAVSVALGQTVRITCQGD---SLRS-----YYATWYQQKPGQAPILVIYG--------ENKRPSGIPDRFSGSSSG--NTASLTITGAQAEDEADYYCKSRDGS---------------------GQHLVFGGGTKLTVL-,0.9806474010531464,0.9972897720222279,0.9942507684487508,0.8840591145660603,0.9896882792812345
19,11107_seq1,NFMLTQPHSVSESPGKTVTISCTRSSGSIDSNYVQWYQQRPGSAPTTVIYEDNQRPSGVPDRFSGSIDSSSNSASLTISGLKTEDEADYYCQSYDSNNRHVIFGGGTKLTVL,NFMLTQP-HSVSESPGKTVTISCTRSS-GSIDS-----NYVQWYQQRPGSAPTTVIYE--------DNQRPSGVPDRFSGSIDSSSNSASLTISGLKTEDEADYYCQSYDSN---------------------NRHVIFGGGTKLTVL-,0.9781746920160433,0.8712592672353883,0.9999364526280893,0.8901236928744263,0.9994312287859928
20,10558_seq1,QAVVTQEPSLTVSPGGTVTLTCGLKSGSVTSDNFPTWYQQTPGQAPRLLIYNTNTRHSGVPDRFSGSILGNKAALTITGAQADDEAEYFCALFISNPSVEFGGGTQLTVL,QAVVTQE-PSLTVSPGGTVTLTCGLKS-GSVTS----DNFPTWYQQTPGQAPRLLIYN--------TNTRHSGVPDRFSGSILG--NKAALTITGAQADDEAEYFCALFISN----------------------PSVEFGGGTQLTVL-,0.8661822742181409,0.7725477101724051,0.9998150993298529,0.5526410344858887,0.9041540627024863
21,9922_seq2,QSVLTQPPSVSAAPGQKVTISCSGSSSNIGNDYVSWYQQLPGTAPKLLIYDNNKRPSGIPDRFSGSKSGTSATLGITGLQTGDEANYYCATWDRRPTAYVVFGGGTKLTVL,QSVLTQP-PSVSAAPGQKVTISCSGSS-SNIGN-----DYVSWYQQLPGTAPKLLIYD--------NNKRPSGIPDRFSGSKSG--TSATLGITGLQTGDEANYYCATWDRRP--------------------TAYVVFGGGTKLTVL-,0.9783249404217313,0.9999267096340586,0.9993654223268559,0.8783442230453391,0.9875374797964729
22,9255_seq2,SELTQDPAVSVALGQTVRITCSGDSLRSYYASWYQQKPGQAPVLVIYGANNRPSGIPDRFSGSSSGNTASLTITGAQAEDEADYYCNSADSSGNHVVFGGGTKLTVL,-SELTQD-PAVSVALGQTVRITCSGD---SLRS-----YYASWYQQKPGQAPVLVIYG--------ANNRPSGIPDRFSGSSSG--NTASLTITGAQAEDEADYYCNSADSS---------------------GNHVVFGGGTKLTVL-,0.9719645612980533,0.999645646519866,0.905379130451158,0.8684438756413744,0.9856808850701139
23,9679_seq2,QSVLTQPPSVSAAPGQKVTISCSGSSSNIENNHVSWYQQLPGTAPKLLIYDNNKRPSGIPDRFSGSKSGTSATLGITGLQTGDEADYYCETWDTSLSAGRVFGGGTKLTVL,QSVLTQP-PSVSAAPGQKVTISCSGSS-SNIEN-----NHVSWYQQLPGTAPKLLIYD--------NNKRPSGIPDRFSGSKSG--TSATLGITGLQTGDEADYYCETWDTSL--------------------SAGRVFGGGTKLTVL-,0.9880739310471263,0.99891531100884,0.9999702381713366,0.9993928209310166,0.9846357176059605
24,10344_seq2,QSALTQPRSVSGSPGQSVTISCTGTSSSVGDSIYVSWYQQHPGKAPKLMLYDVTKRPSGVPDRFSGSKSGNTASLTISGLQAEDEADYYCYSYAGTDTLFGGGTKVTVL,QSALTQP-RSVSGSPGQSVTISCTGTS-SSVGD----SIYVSWYQQHPGKAPKLMLYD--------VTKRPSGVPDRFSGSKSG--NTASLTISGLQAEDEADYYCYSYAG-----------------------TDTLFGGGTKVTVL-,0.9642021746852729,0.829808672174807,0.9997694296251745,0.7666327358963176,0.9983607332987378
25,10319_seq1,NFMLTQPHSVSESPGKTVTISCTRSSGSIASNYVQWYQQRPGSSPTTVIYEDNQRPSGVPDRFSGSIDSSSNSASLTISGLKTEDEADYYCQSYDGSNRWMFGGGTKLTVL,NFMLTQP-HSVSESPGKTVTISCTRSS-GSIAS-----NYVQWYQQRPGSSPTTVIYE--------DNQRPSGVPDRFSGSIDSSSNSASLTISGLKTEDEADYYCQSYDGS----------------------NRWMFGGGTKLTVL-,0.9884391404481736,0.9995676602547535,0.9999348971596906,0.8608015260997844,0.9997698152437111
26,11078_seq2,QAVVTQEPSFSVSPGGTVTLTCRSSTGAVTTSNYANWVQQTPGQAFRGLIGGTNKRAPGVPARFSGSLIGDKAALTITGAQADDESIYFCALWYSNLWVFGGGTKLTVL,QAVVTQE-PSFSVSPGGTVTLTCRSST-GAVTT----SNYANWVQQTPGQAFRGLIGG--------TNKRAPGVPARFSGSLIG--DKAALTITGAQADDESIYFCALWYS-----------------------NLWVFGGGTKLTVL-,0.8277191769783901,0.6843755465882727,0.6875913750215297,0.7693734914552446,0.8601940670794007
27,10296_seq2,QSVLTQPPSVSAAPGQKVTISCSGSSSNIGNNYVSWYQQLPGTAPKLLIYDNNKRPSGIPDRFSGSKSGTSTTLGITGLQTGDEADYYCGTWDSRLSAVVFGGGTKLTVL,QSVLTQP-PSVSAAPGQKVTISCSGSS-SNIGN-----NYVSWYQQLPGTAPKLLIYD--------NNKRPSGIPDRFSGSKSG--TSTTLGITGLQTGDEADYYCGTWDSR---------------------LSAVVFGGGTKLTVL-,0.98828861947328,0.9999651414253586,0.999571271520315,0.9999772209228888,0.9848779435778436
28,9643_seq2,ESALTQPASVSGSPGQSITISCTGTSSDVGGYNSVSWYQQHPGKAPKLMIYEVSNRPSGVSNRFSGSKSGNTASLTISGLQAEDEADYYCNSYTSTSMVFGGGTKLTVL,ESALTQP-ASVSGSPGQSITISCTGTS-SDVGG----YNSVSWYQQHPGKAPKLMIYE--------VSNRPSGVSNRFSGSKSG--NTASLTISGLQAEDEADYYCNSYTS-----------------------TSMVFGGGTKLTVL-,0.9873430273466489,0.9998623861322401,0.9999773515493247,0.9943739157741592,0.9843195161232423
29,10563_seq1,SYVLTQPPSVSVAPGQTARITCGGNNIGSKSVHWYQQKPGQAPVLVVYDDSDRPSGIPERFSGSNSGNTATLTISRVEAGDEADYYCQVWDSSSDHWVFGGGTKLTVL,SYVLTQP-PSVSVAPGQTARITCGGN---NIGS-----KSVHWYQQKPGQAPVLVVYD--------DSDRPSGIPERFSGSNSG--NTATLTISRVEAGDEADYYCQVWDSS---------------------SDHWVFGGGTKLTVL-,0.9998107723324533,0.9999312736291843,0.9997620717480945,0.99995690746625,0.9997851035397063
30,11074_seq1,DIELTQPPSVSVAPGQTARISCSGDNLRHYYVYWYQQKPGQAPVLVIYGDSKRPSGIPERFSGSNSGNTATLTISGTQAEDEADYYCQTYTGGASLVFGGGTKLTVL,DIELTQP-PSVSVAPGQTARISCSGD---NLRH-----YYVYWYQQKPGQAPVLVIYG--------DSKRPSGIPERFSGSNSG--NTATLTISGTQAEDEADYYCQTYTGG----------------------ASLVFGGGTKLTVL-,0.8794842882436464,0.4929524401816593,0.7731789629438744,0.7429866384504664,0.9373086338550871
31,9137_seq2,QAVLTQPPSVSGAPGQRVTISCTGSSSNIGAGYGVHWYQQLPGTAPKLLIYGDSNRPSGVPDRFSGSKSGTSASLAITGLQAEDEADYYCQSYDNSLSGYVFGGGTQLTVL,QAVLTQP-PSVSGAPGQRVTISCTGSS-SNIGA----GYGVHWYQQLPGTAPKLLIYG--------DSNRPSGVPDRFSGSKSG--TSASLAITGLQAEDEADYYCQSYDNS---------------------LSGYVFGGGTQLTVL-,0.9914165367560679,0.9995198490890475,0.9999417055234864,0.9997636291195046,0.9888853690817658
32,10996_seq1,QSVLTQPPSASGTPGQRVTISCSGSSSNIGRNYVYWYQQLPGTAPKLLIYSNNQRPSGVPDRFSGSKSGTSASLAISGLRSEDEADYYCAAWDASLRGVFGGGTKLTVL,QSVLTQP-PSASGTPGQRVTISCSGSS-SNIGR-----NYVYWYQQLPGTAPKLLIYS--------NNQRPSGVPDRFSGSKSG--TSASLAISGLRSEDEADYYCAAWDAS----------------------LRGVFGGGTKLTVL-,0.9995971509767585,0.9998518352996669,0.99996654090846,0.9981215825538131,0.9997017051916822
33,9774_seq1,QSVLTQPPSVSGAPGQRVTISCTGSSSNIGSGYDVHWYQQLPGTAPKLLIYGNSKRPSGVPDRFSGSKSGTSASLAITGLQSEDEADYYCASWTDGLSLVVFGGGTKLTVL,QSVLTQP-PSVSGAPGQRVTISCTGSS-SNIGS----GYDVHWYQQLPGTAPKLLIYG--------NSKRPSGVPDRFSGSKSG--TSASLAITGLQSEDEADYYCASWTDG---------------------LSLVVFGGGTKLTVL-,0.9757194429729781,0.9997483388264414,0.9997981442841545,0.7937086117109622,0.9927628671412737
34,11863_seq1,QSALTQPASVSGSPGQSITISCTGTSSDVGGYNYVSWYQQHPGKAPKLMIYDVSKRPSGVSNRFSGSKSGNTASLTISGLQSEDEADYYCNSLTSISTWVFGGGTKLTVL,QSALTQP-ASVSGSPGQSITISCTGTS-SDVGG----YNYVSWYQQHPGKAPKLMIYD--------VSKRPSGVSNRFSGSKSG--NTASLTISGLQSEDEADYYCNSLTSI----------------------STWVFGGGTKLTVL-,0.9876390019476395,0.9999246542278712,0.9999857203842408,0.8550773376679413,0.9994323672013942
35,8753_seq1,SSELTQDPAVSVALGQTVRITCQGDSLRSYYASWYQQKPGQAPVLVIYGKNNRPSGIPDRFSGSSSGNTASLTITGAQAEDEADYYCNSRDSSGNHVVFGGGTKLTVL,SSELTQD-PAVSVALGQTVRITCQGD---SLRS-----YYASWYQQKPGQAPVLVIYG--------KNNRPSGIPDRFSGSSSG--NTASLTITGAQAEDEADYYCNSRDSS---------------------GNHVVFGGGTKLTVL-,0.9997042446072886,0.999730723181795,0.9999111438884745,0.9998586991202222,0.9996714111086672
36,11185_seq2,QSVLTQPPSASGTPGQRVTISCSGSSSNIGSNTVNWYQQLPGTAPKLLIYGNSNRPSGVPDRFSGSKSGTSASLAISGLQSEDEADYYCQSYDSSLSGSVFGGGIKLTVL,QSVLTQP-PSASGTPGQRVTISCSGSS-SNIGS-----NTVNWYQQLPGTAPKLLIYG--------NSNRPSGVPDRFSGSKSG--TSASLAISGLQSEDEADYYCQSYDSS---------------------LSGSVFGGGIKLTVL-,0.9878110405413988,0.9998942176069607,0.9992328775060566,0.9998084740599101,0.9843081048606401
37,10258_seq2,ESVLTQPPSVSGAPGQRVTISCTGSSSNIGAGYVVHWYQQLPGTAPKLLIYDNNKRPSGVPDRFSGSKSGTSASLAISGLRSEDEADYYCAAWDDRLNGPVFGGGTKLTVL,ESVLTQP-PSVSGAPGQRVTISCTGSS-SNIGA----GYVVHWYQQLPGTAPKLLIYD--------NNKRPSGVPDRFSGSKSG--TSASLAISGLRSEDEADYYCAAWDDR---------------------LNGPVFGGGTKLTVL-,0.9767497741433661,0.8886805268490067,0.9976692176889859,0.9998713827771163,0.984237847537765
38,10257_seq2,ESVLTQPPSVSGAPGQRVTISCTGSSSNIGAGYVVHWYQQLPGTAPKLLIYDNNKRPSGVPDRFSGSKSGTSASLAISGLRSEDEADYYCAAWDDRLNGPVFGGGTKLTVL,ESVLTQP-PSVSGAPGQRVTISCTGSS-SNIGA----GYVVHWYQQLPGTAPKLLIYD--------NNKRPSGVPDRFSGSKSG--TSASLAISGLRSEDEADYYCAAWDDR---------------------LNGPVFGGGTKLTVL-,0.9767497741433661,0.8886805268490067,0.9976692176889859,0.9998713827771163,0.984237847537765
39,11133_seq2,QTVVTQEPSLSVSPGGTVTLTCGLSSGTVTAINYPGWYQQTPGQAPRTLIYNTNTRHSGVPDRFSGSISGNKAALTITGAQAEDEADYYCALYMGNGGHMFGGGTKLTVL,QTVVTQE-PSLSVSPGGTVTLTCGLSS-GTVTA----INYPGWYQQTPGQAPRTLIYN--------TNTRHSGVPDRFSGSISG--NKAALTITGAQAEDEADYYCALYMGN----------------------GGHMFGGGTKLTVL-,0.9143954503216625,0.6755551776007251,0.9996979321506148,0.7449822486200246,0.9586928106721905
40,10789_seq1,QSVLTQPPSVSGAPGQRVTISCTGSSSNIGAGYDVHWYQQLPGTAPKLLIYGNSNRPSGVPDRFSGSKSGTSASLAITGLQAEDEADYYCQSYDSSLSGSGVFGGGTKLTVL,QSVLTQP-PSVSGAPGQRVTISCTGSS-SNIGA----GYDVHWYQQLPGTAPKLLIYG--------NSNRPSGVPDRFSGSKSG--TSASLAITGLQAEDEADYYCQSYDSSL--------------------SGSGVFGGGTKLTVL-,0.9998678511611164,0.9999728151921616,0.9999785259056849,0.9999661417496234,0.9998350375161575
41,9234_seq2,QSVLTQPPSVSGAPGQRVTISCTGSGSNIGAPYDVSWYQQLPGTAPKLLIYHNNKRPSGVPDRFSGSKSGTSASLAITGLQAEDEADYYCATVEAGLSGSVFGGGTKLTVL,QSVLTQP-PSVSGAPGQRVTISCTGSG-SNIGA----PYDVSWYQQLPGTAPKLLIYH--------NNKRPSGVPDRFSGSKSG--TSASLAITGLQAEDEADYYCATVEAG---------------------LSGSVFGGGTKLTVL-,0.9497651774246091,0.8592004521483727,0.8076828853283129,0.8229494480976964,0.9849580505645141
42,11159_seq2,QSVLTQPPSASGTPGQRVTISCSGSSSNIGDNYVSWYQQLPGTAPKLLIYRDSQRPSGVPDRFSGSKSGTSASLAISGLRSEDEADYYCQSYDSSLSGSVFGGGTKLTVL,QSVLTQP-PSASGTPGQRVTISCSGSS-SNIGD-----NYVSWYQQLPGTAPKLLIYR--------DSQRPSGVPDRFSGSKSG--TSASLAISGLRSEDEADYYCQSYDSS---------------------LSGSVFGGGTKLTVL-,0.9960014156000186,0.957926086472722,0.9991651412637934,0.9998650439544517,0.9998469999865185
43,10764_seq1,QSVLTQPPSASGTPGQRVTISCTGSSSNIGAGYNVYWYQQLPGTAPKLLIYGNINRPSGVPDRFSGSKSGTSASLAISGLRSEDEADYYCAAWDKSISGLVFGGGTKLTVL,QSVLTQP-PSASGTPGQRVTISCTGSS-SNIGA----GYNVYWYQQLPGTAPKLLIYG--------NINRPSGVPDRFSGSKSG--TSASLAISGLRSEDEADYYCAAWDKS---------------------ISGLVFGGGTKLTVL-,0.9735243116437428,0.9740022030132125,0.9974535393175883,0.7416633953635967,0.9995893632977085
44,11174_seq2,QPVLTQPPSLSVSPGQTASITCSGEKLGDKYAYWYQQKPGQSPVLVMYQDKQRPSGIPERFSGSNSGNTATLTISGTQAMDEADYYCQAWDSSTAVFGGGTKLTVL,QPVLTQP-PSLSVSPGQTASITCSGE---KLGD-----KYAYWYQQKPGQSPVLVMYQ--------DKQRPSGIPERFSGSNSG--NTATLTISGTQAMDEADYYCQAWDS-----------------------STAVFGGGTKLTVL-,0.9602997885102499,0.8571157750670414,0.9960199822230257,0.9997260726391949,0.9642442884702179
45,11215_seq2,QSALTQPASVSGSPGQSITISCTGTGSDVGSYNLVSWYQQHPGKAPKLMIYGDSERPSGVSNRFSGSKSGNTASLTISGLQAEDEADYYCSSYAGSGIYVFGTGTKVTVL,QSALTQP-ASVSGSPGQSITISCTGTG-SDVGS----YNLVSWYQQHPGKAPKLMIYG--------DSERPSGVSNRFSGSKSG--NTASLTISGLQAEDEADYYCSSYAGS----------------------GIYVFGTGTKVTVL-,0.9991227973820899,0.9992791221017268,0.9961783438866063,0.9997470288659842,0.9992096955088887
46,10545_seq2,QSVLTQPPSASGTPGQRVTISCSGSLSNIGRNPVNWYQQLPGTAPKLLIYLDNLRLSGVPDRFSGSKSGTSASLAISGLQSEDEADYYCATWDDSHPGWTFGGGTKLTVL,QSVLTQP-PSASGTPGQRVTISCSGSL-SNIGR-----NPVNWYQQLPGTAPKLLIYL--------DNLRLSGVPDRFSGSKSG--TSASLAISGLQSEDEADYYCATWDDS---------------------HPGWTFGGGTKLTVL-,0.9417039179264131,0.9333467901523818,0.8512346404931024,0.6374924275274575,0.9842817558941117
47,10829_seq2,NFMLTQPPSVSVSPGKTARITCRGDNLGDVNVHWYQQRPGQAPVLVMYYDADRPSGIPERFSGSNSGNTATLTISGVEAGDEADYYCQVWDRTSEYVFGTGTKVTVL,NFMLTQP-PSVSVSPGKTARITCRGD---NLGD-----VNVHWYQQRPGQAPVLVMYY--------DADRPSGIPERFSGSNSG--NTATLTISGVEAGDEADYYCQVWDRT----------------------SEYVFGTGTKVTVL-,0.9144540905224852,0.8393210274017412,0.7623953489543128,0.9769876769916535,0.9239361404469417
48,11310_seq1,QSVVTQPPSMSAAPGQRVTISCSGSSSYIESSYVGWYQQLPGTAPRLLIYDDDMRPSGIPDRFSGSKSGTSATLAITGLQTGDEADYYCEIWRSGLGGVFGGGTKLTVL,QSVVTQP-PSMSAAPGQRVTISCSGSS-SYIES-----SYVGWYQQLPGTAPRLLIYD--------DDMRPSGIPDRFSGSKSG--TSATLAITGLQTGDEADYYCEIWRSG----------------------LGGVFGGGTKLTVL-,0.9136471639092393,0.6871601940737763,0.7979926511191753,0.5712199862207592,0.9842410801245507
49,9635_seq2,QSVLTQPPSASGTPGQRVTISCSGSNTNIGKNYVSWYQQLPGTAPKLLIYANSNRPSGVPDRFSGSKSGTSASLAISGLRSEDEADYYCASWDASLNGWVFGGGTKLTVL,QSVLTQP-PSASGTPGQRVTISCSGSN-TNIGK-----NYVSWYQQLPGTAPKLLIYA--------NSNRPSGVPDRFSGSKSG--TSASLAISGLRSEDEADYYCASWDAS---------------------LNGWVFGGGTKLTVL-,0.9803467926710393,0.8226354414227058,0.9909625270665297,0.9993568294231765,0.9961573737630276
50,8864_seq1,DIQLTQPNSVSTSLGSTVKLSCTLSSGNIENNYVHWYQLYEGRSPTTMIYDDDKRPDGVPDRFSGSIDRSSNSAFLTIHNVAIEDEAIYFCHSYVSSFNVFGGGTKLTVL,DIQLTQP-NSVSTSLGSTVKLSCTLSS-GNIEN-----NYVHWYQLYEGRSPTTMIYD--------DDKRPDGVPDRFSGSIDRSSNSAFLTIHNVAIEDEAIYFCHSYVS-----------------------SFNVFGGGTKLTVL-,0.7199463170308991,0.74653530877303,0.999925225366811,0.7587130817083778,0.6974248536593946
51,10783_seq1,DIELTQPPSVSVAPGQTARISCSGDSIGKKYAYWYQQKPGQAPVLVIYKKRPSGIPERFSGSNSGNTATLTISGTQAEDEADYYCSAWGDKGMVFGGGTKLTVL,DIELTQP-PSVSVAPGQTARISCSGD---SIGK-----KYAYWYQQKPGQAPVLVIY----------KKRPSGIPERFSGSNSG--NTATLTISGTQAEDEADYYCSAWGD-----------------------KGMVFGGGTKLTVL-,0.8608621803102674,0.5199268561685338,0.20965934780263873,0.8221050690815287,0.9206846764517078
52,10904_seq2,QPVLTQPLSVSVALGQTARITCGGNNIGSKNVHWYQQKPGQAPVLVIYRDSNRPSGIPERFSGSNSGNTATLTISRAQAGDEADYYCQVWDSSTAVFGTGTKLTVL,QPVLTQP-LSVSVALGQTARITCGGN---NIGS-----KNVHWYQQKPGQAPVLVIYR--------DSNRPSGIPERFSGSNSG--NTATLTISRAQAGDEADYYCQVWDS-----------------------STAVFGTGTKLTVL-,0.9812278407282116,0.999928072728638,0.999973245095975,0.9997867296985516,0.9766222993713088
53,9052_seq1,QSALTQPRSVSGSPGQSVTISCTGTSSDIGGYNFVSWYQQHPGKAPKLMIYDATKRPSGVPDRFSGSKSGNTASLTISGLQAEDEADYYCCSYAGDYTPGVVFGGGTKLTVL,QSALTQP-RSVSGSPGQSVTISCTGTS-SDIGG----YNFVSWYQQHPGKAPKLMIYD--------ATKRPSGVPDRFSGSKSG--NTASLTISGLQAEDEADYYCCSYAGDY--------------------TPGVVFGGGTKLTVL-,0.9971039883670242,0.9997478670491117,0.9999536048985516,0.9715346196629223,0.9999065794170693
54,11883_seq1,ELVLTQPPSVSAAPGQKVTISCSGSSSNIGNNYVSWYQQLPGTAPKLLIYDNNKRPSGIPDRFSGSKSGTSATLGITGLQTGDEADYYCGTWDSSLSAGVFGGGTELTVL,ELVLTQP-PSVSAAPGQKVTISCSGSS-SNIGN-----NYVSWYQQLPGTAPKLLIYD--------NNKRPSGIPDRFSGSKSG--TSATLGITGLQTGDEADYYCGTWDSS---------------------LSAGVFGGGTELTVL-,0.9744889390009163,0.9999726633837931,0.9999560275574859,0.999955512389037,0.9670056298584107
55,9710_seq2,QSALTQPASVSGSPGQSITISCTGTSSDVGSYNVVSWYQQHPGKAPKLIIYEVSQRPSGVSNRFSGSKSGNTASLTISGLQTEDEADYYCCSYAGSSIFVIFGGGTKVTVL,QSALTQP-ASVSGSPGQSITISCTGTS-SDVGS----YNVVSWYQQHPGKAPKLIIYE--------VSQRPSGVSNRFSGSKSG--NTASLTISGLQTEDEADYYCCSYAGS---------------------SIFVIFGGGTKVTVL-,0.9974582216503791,0.9988150462753755,0.9995523176138279,0.9751928313177153,0.9997812258883055
56,10539_seq2,DIALTQPASVSGSPGQSITISCTGTSSDVGDINDVSWYQQHPGKAPKLMIYDVNNRPSGVSNRFSGSKSGNTASLTISGLQAEDEADYYCQSYAGSYLSEVFGGGTKLTVL,DIALTQP-ASVSGSPGQSITISCTGTS-SDVGD----INDVSWYQQHPGKAPKLMIYD--------VNNRPSGVSNRFSGSKSG--NTASLTISGLQAEDEADYYCQSYAGS---------------------YLSEVFGGGTKLTVL-,0.941202725303691,0.8668646572205086,0.9999513302966793,0.8433844087075909,0.9589608341229394
57,11330_seq2,SYVLTQPPSVSVAPGQTARITCGGNNIGSKSVHWYQQKPGQAPVLVVYDDSDRPSGIPERFSGSNSGNTATLTISRVEAGDEADYYCQVWDSSSDHVVFGGGTKLTVL,SYVLTQP-PSVSVAPGQTARITCGGN---NIGS-----KSVHWYQQKPGQAPVLVVYD--------DSDRPSGIPERFSGSNSG--NTATLTISRVEAGDEADYYCQVWDSS---------------------SDHVVFGGGTKLTVL-,0.9998571382741773,0.9999196400182674,0.999723437573765,0.9999480257826598,0.9998484279367361
58,11173_seq4,QTVVTQEPSLTVSPGGTVTLTCRSSTGAVTTSNYANWVQQKPGQAPRGLIGGTNKRAPGTPARFSGSLLGGKAALTLSGVQPEDEAEYYCALWYSNLWVFGGGTKLTVL,QTVVTQE-PSLTVSPGGTVTLTCRSST-GAVTT----SNYANWVQQKPGQAPRGLIGG--------TNKRAPGTPARFSGSLLG--GKAALTLSGVQPEDEAEYYCALWYS-----------------------NLWVFGGGTKLTVL-,0.9088103742842633,0.8414045401299894,0.7242781908060465,0.9482811483295455,0.9247827400954268
59,10928_seq3,QTVVTQEPSLTVSPGGTVTLTCRSSTGAVTTSNYANWVQQKPGQAPRGLIGGTNKRAPGTPARFSGSLLGGKAALTLSGVQPEDEAEYYCALWYSNLWVFGGGTKLTVL,QTVVTQE-PSLTVSPGGTVTLTCRSST-GAVTT----SNYANWVQQKPGQAPRGLIGG--------TNKRAPGTPARFSGSLLG--GKAALTLSGVQPEDEAEYYCALWYS-----------------------NLWVFGGGTKLTVL-,0.9088103742842633,0.8414045401299894,0.7242781908060465,0.9482811483295455,0.9247827400954268
60,10928_seq4,SYVLTQPPSVSVAPGQTARITCGGNNIGSKSVHWYQQPPGQAPVVVVYDDSDRPSGIPERFSGSNSGNTATLTISRVEAGDEAVYYCQVWDSSSDHVVFGGGTKLTVL,SYVLTQP-PSVSVAPGQTARITCGGN---NIGS-----KSVHWYQQPPGQAPVVVVYD--------DSDRPSGIPERFSGSNSG--NTATLTISRVEAGDEAVYYCQVWDSS---------------------SDHVVFGGGTKLTVL-,0.9888457113649959,0.9998417442079137,0.9997768616369826,0.9997966639461032,0.9858809221863426
61,10051_seq2,SYELTQPLSVSVALGQTARITCSGDSIPNYYVYWYQQKPGQAPVLVIYDDSNRPSGIPERFSGSNSGNTATLTISRAQAGDEADYYCQSFDSSLNAEVFGGGTKLTVL,SYELTQP-LSVSVALGQTARITCSGD---SIPN-----YYVYWYQQKPGQAPVLVIYD--------DSNRPSGIPERFSGSNSG--NTATLTISRAQAGDEADYYCQSFDSS---------------------LNAEVFGGGTKLTVL-,0.9169955563968532,0.3050129751175338,0.9994433602083704,0.8005364194136285,0.985002465184451
62,10172_seq1,SYVLTQPPSVSVAPGQTARITCGGNNLGSKSVHWYQQKPGQAPVLVVYDDSDRPSWIPERFSGSNSGNTATLTISRGEAGDEADYYCQVWDSSSDHVVFGGGTKLTVL,SYVLTQP-PSVSVAPGQTARITCGGN---NLGS-----KSVHWYQQKPGQAPVLVVYD--------DSDRPSWIPERFSGSNSG--NTATLTISRGEAGDEADYYCQVWDSS---------------------SDHVVFGGGTKLTVL-,0.9757069403646581,0.9993206833313456,0.9996284518334285,0.9999432001917267,0.9692331118410195
63,9757_seq2,QSVLTQSPSASGTPGQRVTISCSGGSSNIGSNTVNWYQQFPGAAPKLLIYTNNQRPSGVPDRFSGSKSGTSASLAISGLQSEDEADYYCATWDDSLNGLYVFGTGTKVTVL,QSVLTQS-PSASGTPGQRVTISCSGGS-SNIGS-----NTVNWYQQFPGAAPKLLIYT--------NNQRPSGVPDRFSGSKSG--TSASLAISGLQSEDEADYYCATWDDSL--------------------NGLYVFGTGTKVTVL-,0.9993723187193375,0.9997900619757505,0.9980816977806714,0.9989110759058906,0.9994587870380147
64,9235_seq1,SYVLTQPPSVSVAPGKTARITCGGNIIGSKLVHWYQQKPGQAPVLVIYDDGDRPSGIPERFSGSNSGNTATLTISRVEAGDEADYYCQVWDTGSDPVVFGGGTKLTVL,SYVLTQP-PSVSVAPGKTARITCGGN---IIGS-----KLVHWYQQKPGQAPVLVIYD--------DGDRPSGIPERFSGSNSG--NTATLTISRVEAGDEADYYCQVWDTG---------------------SDPVVFGGGTKLTVL-,0.9757811343925606,0.6849684871409463,0.9984958217165083,0.9976918354535127,0.999552907746959
65,10385_seq2,SYELTQPPSVSVSPGQTASITCSGDNIGDQYAHWYQQKPGQSPVLVIYQDKNRPSGIPERFSGSNSGNTATLTISGTQAMDEADYYCATYTGFGSLAVFGGGTKLTVL,SYELTQP-PSVSVSPGQTASITCSGD---NIGD-----QYAHWYQQKPGQSPVLVIYQ--------DKNRPSGIPERFSGSNSG--NTATLTISGTQAMDEADYYCATYTGF---------------------GSLAVFGGGTKLTVL-,0.9286428660412811,0.7007957712481607,0.9930188494214208,0.6176279220396071,0.983606152381178
66,9779_seq2,DIELTQPPSVSVAPGQTARISCSGDNIGSFYVHWYQQKPGQAPVLVIYDKSNRPSGIPERFSGSNSGNTATLTISGTQAEDEADYYCQSYANTLSLVFGGGTKLTVL,DIELTQP-PSVSVAPGQTARISCSGD---NIGS-----FYVHWYQQKPGQAPVLVIYD--------KSNRPSGIPERFSGSNSG--NTATLTISGTQAEDEADYYCQSYANT----------------------LSLVFGGGTKLTVL-,0.9232094307752255,0.8969944575409547,0.7687809467550357,0.8069864126282903,0.9471932651198804
67,9950_seq3,QPGLTQPPSVSVAPGQTARITCGGNNIGSKSVHWYQQKPGQAPVLVVYDDSDRPSGIPERFSGSNSGNTATLTISRVEAGDEADYYCQVWDSSSDHYVFGTGTKVTVL,QPGLTQP-PSVSVAPGQTARITCGGN---NIGS-----KSVHWYQQKPGQAPVLVVYD--------DSDRPSGIPERFSGSNSG--NTATLTISRVEAGDEADYYCQVWDSS---------------------SDHYVFGTGTKVTVL-,0.9831317385556061,0.9999557308165461,0.9998887526083238,0.9999576743205554,0.9785865790650542
68,10129_seq1,DIVLTQPPSVSGAPGQRVTISCSGSSSNIGSNSVSWYQQLPGTAPKLLIYDNSKRPSGVPDRFSGSKSGTSASLAITGLQSEDEADYYCQSRDTYGYYWVFGGGTKLTVL,DIVLTQP-PSVSGAPGQRVTISCSGSS-SNIGS-----NSVSWYQQLPGTAPKLLIYD--------NSKRPSGVPDRFSGSKSG--TSASLAITGLQSEDEADYYCQSRDTY---------------------GYYWVFGGGTKLTVL-,0.9453750549194629,0.9955912866221506,0.9998464983469286,0.6751365114322248,0.9684070898980595
